date,path_1,path_1_count,path_1_uniques,path_2,path_2_count,path_2_uniques,path_3,path_3_count,path_3_uniques,path_4,path_4_count,path_4_uniques,path_5,path_5_count,path_5_uniques,path_6,path_6_count,path_6_uniques,path_7,path_7_count,path_7_uniques,path_8,path_8_count,path_8_uniques,path_9,path_9_count,path_9_uniques,path_10,path_10_count,path_10_uniques
2025-02-16,/lulunac27a/lulunac27a/commit/main,4,3,,,,,,,,,,,,,,,,,,,,,,,,,,,
2025-02-17,/lulunac27a/lulunac27a/commit/main,4,3,,,,,,,,,,,,,,,,,,,,,,,,,,,
2025-02-18,/lulunac27a/lulunac27a/commit/main,3,2,,,,,,,,,,,,,,,,,,,,,,,,,,,
2025-02-19,/lulunac27a/lulunac27a/commit/main,4,2,,,,,,,,,,,,,,,,,,,,,,,,,,,
2025-02-20,/lulunac27a/lulunac27a/commit/main,3,2,,,,,,,,,,,,,,,,,,,,,,,,,,,
2025-02-21,/lulunac27a/lulunac27a/commit/main,3,2,/lulunac27a/lulunac27a/commit/700708b44ae50f6db4d4755d1134de887b41f086,2,1,/lulunac27a/lulunac27a/commit/55904cc69a848c77739832e1effe48f5b300a2d6,1,1,/lulunac27a/lulunac27a/commit/921fb2a095a75c643530bb6b797d57504dab862d,1,1,/lulunac27a/lulunac27a/commits,1,1,,,,,,,,,,,,,,,
2025-02-22,/lulunac27a/lulunac27a/commit/main,3,2,/lulunac27a/lulunac27a/commit/700708b44ae50f6db4d4755d1134de887b41f086,2,1,/lulunac27a/lulunac27a/commit/55904cc69a848c77739832e1effe48f5b300a2d6,1,1,/lulunac27a/lulunac27a/commit/921fb2a095a75c643530bb6b797d57504dab862d,1,1,/lulunac27a/lulunac27a/commits,1,1,,,,,,,,,,,,,,,
2025-02-23,/lulunac27a/lulunac27a/commit/main,3,2,/lulunac27a/lulunac27a/commit/700708b44ae50f6db4d4755d1134de887b41f086,2,1,/lulunac27a/lulunac27a/commit/55904cc69a848c77739832e1effe48f5b300a2d6,1,1,/lulunac27a/lulunac27a/commit/921fb2a095a75c643530bb6b797d57504dab862d,1,1,/lulunac27a/lulunac27a/commits,1,1,,,,,,,,,,,,,,,
2025-02-24,/lulunac27a/lulunac27a/commit/main,3,2,/lulunac27a/lulunac27a/commit/700708b44ae50f6db4d4755d1134de887b41f086,2,1,/lulunac27a/lulunac27a/commit/55904cc69a848c77739832e1effe48f5b300a2d6,1,1,/lulunac27a/lulunac27a/commit/921fb2a095a75c643530bb6b797d57504dab862d,1,1,/lulunac27a/lulunac27a/commits,1,1,,,,,,,,,,,,,,,
2025-02-25,/lulunac27a/lulunac27a/commit/main,4,2,/lulunac27a/lulunac27a/commit/700708b44ae50f6db4d4755d1134de887b41f086,2,1,/lulunac27a/lulunac27a/commit/55904cc69a848c77739832e1effe48f5b300a2d6,1,1,/lulunac27a/lulunac27a/commit/921fb2a095a75c643530bb6b797d57504dab862d,1,1,/lulunac27a/lulunac27a/commits,1,1,,,,,,,,,,,,,,,
2025-02-26,/lulunac27a/lulunac27a/commit/main,4,2,/lulunac27a/lulunac27a/commit/700708b44ae50f6db4d4755d1134de887b41f086,2,1,/lulunac27a/lulunac27a/commit/55904cc69a848c77739832e1effe48f5b300a2d6,1,1,/lulunac27a/lulunac27a/commit/921fb2a095a75c643530bb6b797d57504dab862d,1,1,/lulunac27a/lulunac27a/commits,1,1,,,,,,,,,,,,,,,
2025-02-27,/lulunac27a/lulunac27a/commit/700708b44ae50f6db4d4755d1134de887b41f086,2,1,/lulunac27a/lulunac27a/commit/main,2,1,/lulunac27a/lulunac27a/commit/55904cc69a848c77739832e1effe48f5b300a2d6,1,1,/lulunac27a/lulunac27a/commit/921fb2a095a75c643530bb6b797d57504dab862d,1,1,/lulunac27a/lulunac27a/commits,1,1,,,,,,,,,,,,,,,
2025-02-28,/lulunac27a/lulunac27a/commit/main,3,1,/lulunac27a/lulunac27a/commits,2,2,/lulunac27a/lulunac27a/commit/700708b44ae50f6db4d4755d1134de887b41f086,2,1,/lulunac27a/lulunac27a,1,1,/lulunac27a/lulunac27a/commit/139a4f7148a6f9f8c3588b2fcbab2b2aa8399ab8,1,1,/lulunac27a/lulunac27a/commit/2fad34fd48728b453b575b23f1a9b274f1d8490c,1,1,/lulunac27a/lulunac27a/commit/55904cc69a848c77739832e1effe48f5b300a2d6,1,1,/lulunac27a/lulunac27a/commit/921fb2a095a75c643530bb6b797d57504dab862d,1,1,,,,,,
2025-03-01,/lulunac27a/lulunac27a/commit/main,3,1,/lulunac27a/lulunac27a/commits,2,2,/lulunac27a/lulunac27a/commit/700708b44ae50f6db4d4755d1134de887b41f086,2,1,/lulunac27a/lulunac27a,1,1,/lulunac27a/lulunac27a/commit/139a4f7148a6f9f8c3588b2fcbab2b2aa8399ab8,1,1,/lulunac27a/lulunac27a/commit/2fad34fd48728b453b575b23f1a9b274f1d8490c,1,1,/lulunac27a/lulunac27a/commit/55904cc69a848c77739832e1effe48f5b300a2d6,1,1,/lulunac27a/lulunac27a/commit/921fb2a095a75c643530bb6b797d57504dab862d,1,1,,,,,,
2025-03-02,/lulunac27a/lulunac27a/commit/main,3,1,/lulunac27a/lulunac27a/commits,2,2,/lulunac27a/lulunac27a/commit/700708b44ae50f6db4d4755d1134de887b41f086,2,1,/lulunac27a/lulunac27a,1,1,/lulunac27a/lulunac27a/commit/139a4f7148a6f9f8c3588b2fcbab2b2aa8399ab8,1,1,/lulunac27a/lulunac27a/commit/2fad34fd48728b453b575b23f1a9b274f1d8490c,1,1,/lulunac27a/lulunac27a/commit/55904cc69a848c77739832e1effe48f5b300a2d6,1,1,/lulunac27a/lulunac27a/commit/921fb2a095a75c643530bb6b797d57504dab862d,1,1,,,,,,
2025-03-03,/lulunac27a/lulunac27a/commit/main,5,2,/lulunac27a/lulunac27a/commits,2,2,/lulunac27a/lulunac27a/commit/700708b44ae50f6db4d4755d1134de887b41f086,2,1,/lulunac27a/lulunac27a,1,1,/lulunac27a/lulunac27a/commit/139a4f7148a6f9f8c3588b2fcbab2b2aa8399ab8,1,1,/lulunac27a/lulunac27a/commit/2fad34fd48728b453b575b23f1a9b274f1d8490c,1,1,/lulunac27a/lulunac27a/commit/55904cc69a848c77739832e1effe48f5b300a2d6,1,1,/lulunac27a/lulunac27a/commit/921fb2a095a75c643530bb6b797d57504dab862d,1,1,,,,,,
2025-03-04,/lulunac27a/lulunac27a/commit/main,5,2,/lulunac27a/lulunac27a/commits,2,2,/lulunac27a/lulunac27a/commit/700708b44ae50f6db4d4755d1134de887b41f086,2,1,/lulunac27a/lulunac27a,1,1,/lulunac27a/lulunac27a/commit/139a4f7148a6f9f8c3588b2fcbab2b2aa8399ab8,1,1,/lulunac27a/lulunac27a/commit/2fad34fd48728b453b575b23f1a9b274f1d8490c,1,1,/lulunac27a/lulunac27a/commit/55904cc69a848c77739832e1effe48f5b300a2d6,1,1,/lulunac27a/lulunac27a/commit/921fb2a095a75c643530bb6b797d57504dab862d,1,1,,,,,,
2025-03-05,/lulunac27a/lulunac27a/commit/main,5,2,/lulunac27a/lulunac27a,2,2,/lulunac27a/lulunac27a/commits,2,2,/lulunac27a/lulunac27a/commit/700708b44ae50f6db4d4755d1134de887b41f086,2,1,/lulunac27a/lulunac27a/commit/139a4f7148a6f9f8c3588b2fcbab2b2aa8399ab8,1,1,/lulunac27a/lulunac27a/commit/2fad34fd48728b453b575b23f1a9b274f1d8490c,1,1,/lulunac27a/lulunac27a/commit/55904cc69a848c77739832e1effe48f5b300a2d6,1,1,/lulunac27a/lulunac27a/commit/921fb2a095a75c643530bb6b797d57504dab862d,1,1,,,,,,
2025-03-06,/lulunac27a/lulunac27a/commit/main,5,2,/lulunac27a/lulunac27a,2,2,/lulunac27a/lulunac27a/commit/139a4f7148a6f9f8c3588b2fcbab2b2aa8399ab8,1,1,/lulunac27a/lulunac27a/commit/2fad34fd48728b453b575b23f1a9b274f1d8490c,1,1,/lulunac27a/lulunac27a/commits,1,1,,,,,,,,,,,,,,,
2025-03-07,/lulunac27a/lulunac27a/commit/main,5,2,/lulunac27a/lulunac27a,2,2,/lulunac27a/lulunac27a/commit/139a4f7148a6f9f8c3588b2fcbab2b2aa8399ab8,1,1,/lulunac27a/lulunac27a/commit/2fad34fd48728b453b575b23f1a9b274f1d8490c,1,1,/lulunac27a/lulunac27a/commits,1,1,,,,,,,,,,,,,,,
2025-03-08,/lulunac27a/lulunac27a/commit/main,5,2,/lulunac27a/lulunac27a,3,3,/lulunac27a/lulunac27a/blob/main/github-metrics.svg,1,1,/lulunac27a/lulunac27a/commit/139a4f7148a6f9f8c3588b2fcbab2b2aa8399ab8,1,1,/lulunac27a/lulunac27a/commit/2fad34fd48728b453b575b23f1a9b274f1d8490c,1,1,/lulunac27a/lulunac27a/commits,1,1,,,,,,,,,,,,
2025-03-09,/lulunac27a/lulunac27a/commit/main,5,2,/lulunac27a/lulunac27a,3,3,/lulunac27a/lulunac27a/blob/main/github-metrics.svg,1,1,/lulunac27a/lulunac27a/commit/139a4f7148a6f9f8c3588b2fcbab2b2aa8399ab8,1,1,/lulunac27a/lulunac27a/commit/2fad34fd48728b453b575b23f1a9b274f1d8490c,1,1,/lulunac27a/lulunac27a/commits,1,1,,,,,,,,,,,,
2025-03-10,/lulunac27a/lulunac27a/commit/main,4,2,/lulunac27a/lulunac27a,3,3,/lulunac27a/lulunac27a/blob/main/github-metrics.svg,1,1,/lulunac27a/lulunac27a/commit/139a4f7148a6f9f8c3588b2fcbab2b2aa8399ab8,1,1,/lulunac27a/lulunac27a/commit/2fad34fd48728b453b575b23f1a9b274f1d8490c,1,1,/lulunac27a/lulunac27a/commits,1,1,,,,,,,,,,,,
2025-03-11,/lulunac27a/lulunac27a/commit/main,4,2,/lulunac27a/lulunac27a,3,3,/lulunac27a/lulunac27a/blob/main/github-metrics.svg,1,1,/lulunac27a/lulunac27a/commit/139a4f7148a6f9f8c3588b2fcbab2b2aa8399ab8,1,1,/lulunac27a/lulunac27a/commit/2fad34fd48728b453b575b23f1a9b274f1d8490c,1,1,/lulunac27a/lulunac27a/commits,1,1,,,,,,,,,,,,
2025-03-12,/lulunac27a/lulunac27a/commit/main,4,2,/lulunac27a/lulunac27a,3,3,/lulunac27a/lulunac27a/blob/main/github-metrics.svg,1,1,/lulunac27a/lulunac27a/commit/139a4f7148a6f9f8c3588b2fcbab2b2aa8399ab8,1,1,/lulunac27a/lulunac27a/commit/2fad34fd48728b453b575b23f1a9b274f1d8490c,1,1,/lulunac27a/lulunac27a/commits,1,1,,,,,,,,,,,,
2025-03-13,/lulunac27a/lulunac27a/commit/main,3,2,/lulunac27a/lulunac27a,2,2,/lulunac27a/lulunac27a/blob/main/github-metrics.svg,1,1,,,,,,,,,,,,,,,,,,,,,
2025-03-14,/lulunac27a/lulunac27a,3,3,/lulunac27a/lulunac27a/commit/main,3,2,/lulunac27a/lulunac27a/blob/main/github-metrics.svg,2,2,,,,,,,,,,,,,,,,,,,,,
2025-03-15,/lulunac27a/lulunac27a/commit/main,4,3,/lulunac27a/lulunac27a,3,3,/lulunac27a/lulunac27a/blob/main/github-metrics.svg,2,2,,,,,,,,,,,,,,,,,,,,,
2025-03-16,/lulunac27a/lulunac27a,3,3,/lulunac27a/lulunac27a/blob/main/github-metrics.svg,2,2,/lulunac27a/lulunac27a/commit/main,2,2,,,,,,,,,,,,,,,,,,,,,
2025-03-17,/lulunac27a/lulunac27a,3,3,/lulunac27a/lulunac27a/blob/main/github-metrics.svg,2,2,/lulunac27a/lulunac27a/commit/main,1,1,,,,,,,,,,,,,,,,,,,,,
2025-03-18,/lulunac27a/lulunac27a,2,2,/lulunac27a/lulunac27a/blob/main/github-metrics.svg,2,2,/lulunac27a/lulunac27a/commit/main,1,1,,,,,,,,,,,,,,,,,,,,,
2025-03-19,/lulunac27a/lulunac27a,2,2,/lulunac27a/lulunac27a/blob/main/github-metrics.svg,2,2,/lulunac27a/lulunac27a/commit/main,1,1,,,,,,,,,,,,,,,,,,,,,
2025-03-20,/lulunac27a/lulunac27a,3,2,/lulunac27a/lulunac27a/blob/main/github-metrics.svg,3,2,/lulunac27a/lulunac27a/commit/main,1,1,,,,,,,,,,,,,,,,,,,,,
2025-03-21,/lulunac27a/lulunac27a,2,1,/lulunac27a/lulunac27a/blob/main/github-metrics.svg,2,1,/lulunac27a/lulunac27a/commit/main,1,1,,,,,,,,,,,,,,,,,,,,,
2025-03-22,/lulunac27a/lulunac27a,2,1,/lulunac27a/lulunac27a/blob/main/github-metrics.svg,2,1,/lulunac27a/lulunac27a/commit/main,1,1,,,,,,,,,,,,,,,,,,,,,
2025-03-23,/lulunac27a/lulunac27a,2,1,/lulunac27a/lulunac27a/blob/main/github-metrics.svg,2,1,/lulunac27a/lulunac27a/commit/main,1,1,,,,,,,,,,,,,,,,,,,,,
2025-03-24,/lulunac27a/lulunac27a,2,1,/lulunac27a/lulunac27a/blob/main/github-metrics.svg,2,1,/lulunac27a/lulunac27a/commit/main,1,1,,,,,,,,,,,,,,,,,,,,,
2025-03-25,/lulunac27a/lulunac27a/commit/main,2,2,/lulunac27a/lulunac27a,2,1,/lulunac27a/lulunac27a/blob/main/github-metrics.svg,2,1,,,,,,,,,,,,,,,,,,,,,
2025-03-26,/lulunac27a/lulunac27a/commit/main,2,2,/lulunac27a/lulunac27a,2,1,/lulunac27a/lulunac27a/blob/main/github-metrics.svg,2,1,,,,,,,,,,,,,,,,,,,,,
2025-03-27,/lulunac27a/lulunac27a/commit/main,2,2,/lulunac27a/lulunac27a,1,1,/lulunac27a/lulunac27a/blob/main/github-metrics.svg,1,1,,,,,,,,,,,,,,,,,,,,,
2025-03-28,/lulunac27a/lulunac27a/commit/main,3,3,/lulunac27a/lulunac27a,1,1,/lulunac27a/lulunac27a/blob/main/github-metrics.svg,1,1,,,,,,,,,,,,,,,,,,,,,
2025-03-29,/lulunac27a/lulunac27a/commit/main,3,3,/lulunac27a/lulunac27a,1,1,/lulunac27a/lulunac27a/blob/main/github-metrics.svg,1,1,,,,,,,,,,,,,,,,,,,,,
2025-03-30,/lulunac27a/lulunac27a/commit/main,3,3,/lulunac27a/lulunac27a,1,1,/lulunac27a/lulunac27a/blob/main/github-metrics.svg,1,1,,,,,,,,,,,,,,,,,,,,,
2025-03-31,/lulunac27a/lulunac27a/commit/main,3,3,/lulunac27a/lulunac27a,1,1,/lulunac27a/lulunac27a/blob/main/github-metrics.svg,1,1,,,,,,,,,,,,,,,,,,,,,
2025-04-01,/lulunac27a/lulunac27a/commit/main,5,4,/lulunac27a/lulunac27a,1,1,/lulunac27a/lulunac27a/blob/main/github-metrics.svg,1,1,,,,,,,,,,,,,,,,,,,,,
2025-04-02,/lulunac27a/lulunac27a/commit/main,5,4,,,,,,,,,,,,,,,,,,,,,,,,,,,
2025-04-03,/lulunac27a/lulunac27a/commit/main,5,4,,,,,,,,,,,,,,,,,,,,,,,,,,,
2025-04-04,/lulunac27a/lulunac27a/commit/main,5,4,/lulunac27a/lulunac27a/blob/main/github-metrics.svg,1,1,,,,,,,,,,,,,,,,,,,,,,,,
2025-04-05,/lulunac27a/lulunac27a/commit/main,5,4,/lulunac27a/lulunac27a/edit/main/README.md,2,1,/lulunac27a/lulunac27a,1,1,/lulunac27a/lulunac27a/blob/main/github-metrics.svg,1,1,,,,,,,,,,,,,,,,,,
2025-04-06,/lulunac27a/lulunac27a/commit/main,5,4,/lulunac27a/lulunac27a/edit/main/README.md,2,1,/lulunac27a/lulunac27a,1,1,/lulunac27a/lulunac27a/blob/main/github-metrics.svg,1,1,,,,,,,,,,,,,,,,,,
2025-04-07,/lulunac27a/lulunac27a/commit/main,4,4,/lulunac27a/lulunac27a/edit/main/README.md,2,1,/lulunac27a/lulunac27a,1,1,/lulunac27a/lulunac27a/blob/main/github-metrics.svg,1,1,,,,,,,,,,,,,,,,,,
2025-04-08,/lulunac27a/lulunac27a/commit/main,4,4,/lulunac27a/lulunac27a/edit/main/README.md,2,1,/lulunac27a/lulunac27a,1,1,/lulunac27a/lulunac27a/blob/main/github-metrics.svg,1,1,,,,,,,,,,,,,,,,,,
2025-04-09,/lulunac27a/lulunac27a/commit/main,4,4,/lulunac27a/lulunac27a/edit/main/README.md,2,1,/lulunac27a/lulunac27a,1,1,/lulunac27a/lulunac27a/blob/main/github-metrics.svg,1,1,,,,,,,,,,,,,,,,,,
2025-04-10,/lulunac27a/lulunac27a/commit/main,2,2,/lulunac27a/lulunac27a/edit/main/README.md,2,1,/lulunac27a/lulunac27a,1,1,/lulunac27a/lulunac27a/blob/main/github-metrics.svg,1,1,,,,,,,,,,,,,,,,,,
2025-04-11,/lulunac27a/lulunac27a,2,2,/lulunac27a/lulunac27a/commit/main,2,2,/lulunac27a/lulunac27a/edit/main/README.md,2,1,/lulunac27a/lulunac27a/blob/main/github-metrics.svg,1,1,,,,,,,,,,,,,,,,,,
2025-04-13,/lulunac27a/lulunac27a/blob/main/README.md,12,1,/lulunac27a/lulunac27a,3,3,/lulunac27a/lulunac27a/commit/main,2,2,/lulunac27a/lulunac27a/edit/main/README.md,2,1,/lulunac27a/lulunac27a/blob/main/github-metrics.svg,1,1,/lulunac27a/lulunac27a/tree/main,1,1,,,,,,,,,,,,
2025-04-13,/lulunac27a/lulunac27a/blob/main/README.md,12,1,/lulunac27a/lulunac27a,3,3,/lulunac27a/lulunac27a/commit/main,2,2,/lulunac27a/lulunac27a/edit/main/README.md,2,1,/lulunac27a/lulunac27a/blob/main/github-metrics.svg,1,1,/lulunac27a/lulunac27a/tree/main,1,1,,,,,,,,,,,,
2025-04-14,/lulunac27a/lulunac27a/blob/main/README.md,12,1,/lulunac27a/lulunac27a,3,3,/lulunac27a/lulunac27a/edit/main/README.md,2,1,/lulunac27a/lulunac27a/blob/main/github-metrics.svg,1,1,/lulunac27a/lulunac27a/tree/main,1,1,,,,,,,,,,,,,,,
2025-04-15,/lulunac27a/lulunac27a/blob/main/README.md,12,1,/lulunac27a/lulunac27a,3,3,/lulunac27a/lulunac27a/edit/main/README.md,2,1,/lulunac27a/lulunac27a/blob/main/github-metrics.svg,1,1,/lulunac27a/lulunac27a/tree/main,1,1,,,,,,,,,,,,,,,
2025-04-16,/lulunac27a/lulunac27a/blob/main/README.md,12,1,/lulunac27a/lulunac27a,3,3,/lulunac27a/lulunac27a/edit/main/README.md,2,1,/lulunac27a/lulunac27a/blob/main/github-metrics.svg,1,1,/lulunac27a/lulunac27a/tree/main,1,1,,,,,,,,,,,,,,,
2025-04-17,/lulunac27a/lulunac27a/blob/main/README.md,12,1,/lulunac27a/lulunac27a,3,3,/lulunac27a/lulunac27a/edit/main/README.md,2,1,/lulunac27a/lulunac27a/tree/main,1,1,,,,,,,,,,,,,,,,,,
2025-04-18,/lulunac27a/lulunac27a/blob/main/README.md,12,1,/lulunac27a/lulunac27a,2,2,/lulunac27a/lulunac27a/tree/main,1,1,,,,,,,,,,,,,,,,,,,,,
2025-04-19,/lulunac27a/lulunac27a/blob/main/README.md,12,1,/lulunac27a/lulunac27a,2,2,/lulunac27a/lulunac27a/tree/main,1,1,,,,,,,,,,,,,,,,,,,,,
2025-04-20,/lulunac27a/lulunac27a/blob/main/README.md,12,1,/lulunac27a/lulunac27a,2,2,/lulunac27a/lulunac27a/tree/main,1,1,,,,,,,,,,,,,,,,,,,,,
2025-04-21,/lulunac27a/lulunac27a/blob/main/README.md,12,1,/lulunac27a/lulunac27a,2,2,/lulunac27a/lulunac27a/tree/main,1,1,,,,,,,,,,,,,,,,,,,,,
2025-04-22,/lulunac27a/lulunac27a/blob/main/README.md,12,1,/lulunac27a/lulunac27a,2,2,/lulunac27a/lulunac27a/tree/main,1,1,,,,,,,,,,,,,,,,,,,,,
2025-04-23,/lulunac27a/lulunac27a/blob/main/README.md,12,1,/lulunac27a/lulunac27a,2,2,/lulunac27a/lulunac27a/tree/main,1,1,,,,,,,,,,,,,,,,,,,,,
2025-04-24,/lulunac27a/lulunac27a/blob/main/README.md,12,1,/lulunac27a/lulunac27a,1,1,/lulunac27a/lulunac27a/tree/main,1,1,,,,,,,,,,,,,,,,,,,,,
2025-04-25,/lulunac27a/lulunac27a/tree/main/.github/workflows,6,1,/lulunac27a/lulunac27a/blob/main/github-metrics.svg,4,1,/lulunac27a/lulunac27a/blob/main/.github/workflows/main.yml,4,1,/lulunac27a/lulunac27a/commits,4,1,/lulunac27a/lulunac27a/tree/main,4,1,/lulunac27a/lulunac27a/commit/d29d0ca1a1912f15bee6f5246033378073403946,3,1,/lulunac27a/lulunac27a,2,1,/lulunac27a/lulunac27a/commit/c9a822f850c34aa99307a1ee40f62ff9b9c77926,2,1,/lulunac27a/lulunac27a/tree/main/images,2,1,/lulunac27a/lulunac27a/blob/main/images/userstats.svg,1,1
2025-04-26,/lulunac27a/lulunac27a/tree/main/.github/workflows,6,1,/lulunac27a/lulunac27a/blob/main/github-metrics.svg,4,1,/lulunac27a/lulunac27a/blob/main/.github/workflows/main.yml,4,1,/lulunac27a/lulunac27a/commits,4,1,/lulunac27a/lulunac27a/tree/main,4,1,/lulunac27a/lulunac27a/commit/d29d0ca1a1912f15bee6f5246033378073403946,3,1,/lulunac27a/lulunac27a,2,1,/lulunac27a/lulunac27a/commit/c9a822f850c34aa99307a1ee40f62ff9b9c77926,2,1,/lulunac27a/lulunac27a/tree/main/images,2,1,/lulunac27a/lulunac27a/blob/main/images/userstats.svg,1,1
2025-04-27,/lulunac27a/lulunac27a/tree/main/.github/workflows,6,1,/lulunac27a/lulunac27a/blob/main/github-metrics.svg,4,1,/lulunac27a/lulunac27a/blob/main/.github/workflows/main.yml,4,1,/lulunac27a/lulunac27a/commits,4,1,/lulunac27a/lulunac27a/tree/main,4,1,/lulunac27a/lulunac27a/commit/d29d0ca1a1912f15bee6f5246033378073403946,3,1,/lulunac27a/lulunac27a,2,1,/lulunac27a/lulunac27a/commit/c9a822f850c34aa99307a1ee40f62ff9b9c77926,2,1,/lulunac27a/lulunac27a/tree/main/images,2,1,/lulunac27a/lulunac27a/blob/main/images/userstats.svg,1,1
2025-04-28,/lulunac27a/lulunac27a/tree/main/.github/workflows,7,1,/lulunac27a/lulunac27a/blob/main/github-metrics.svg,5,1,/lulunac27a/lulunac27a/blob/main/.github/workflows/main.yml,5,1,/lulunac27a/lulunac27a/commits,5,1,/lulunac27a/lulunac27a/tree/main,5,1,/lulunac27a/lulunac27a/commit/d29d0ca1a1912f15bee6f5246033378073403946,3,1,/lulunac27a/lulunac27a/commit/main,2,2,/lulunac27a/lulunac27a,2,1,/lulunac27a/lulunac27a/commit/c9a822f850c34aa99307a1ee40f62ff9b9c77926,2,1,/lulunac27a/lulunac27a/tree/main/images,2,1
2025-04-29,/lulunac27a/lulunac27a/tree/main/.github/workflows,7,1,/lulunac27a/lulunac27a/blob/main/github-metrics.svg,5,1,/lulunac27a/lulunac27a/blob/main/.github/workflows/main.yml,5,1,/lulunac27a/lulunac27a/commits,5,1,/lulunac27a/lulunac27a/tree/main,5,1,/lulunac27a/lulunac27a/commit/main,3,3,/lulunac27a/lulunac27a/commit/d29d0ca1a1912f15bee6f5246033378073403946,3,1,/lulunac27a/lulunac27a,2,1,/lulunac27a/lulunac27a/commit/c9a822f850c34aa99307a1ee40f62ff9b9c77926,2,1,/lulunac27a/lulunac27a/tree/main/images,2,1
2025-04-30,/lulunac27a/lulunac27a/tree/main/.github/workflows,7,1,/lulunac27a/lulunac27a/blob/main/github-metrics.svg,5,1,/lulunac27a/lulunac27a/blob/main/.github/workflows/main.yml,5,1,/lulunac27a/lulunac27a/commits,5,1,/lulunac27a/lulunac27a/tree/main,5,1,/lulunac27a/lulunac27a/commit/main,3,3,/lulunac27a/lulunac27a/commit/d29d0ca1a1912f15bee6f5246033378073403946,3,1,/lulunac27a/lulunac27a,2,1,/lulunac27a/lulunac27a/commit/c9a822f850c34aa99307a1ee40f62ff9b9c77926,2,1,/lulunac27a/lulunac27a/tree/main/images,2,1
2025-05-01,/lulunac27a/lulunac27a/tree/main/.github/workflows,7,1,/lulunac27a/lulunac27a/blob/main/github-metrics.svg,5,1,/lulunac27a/lulunac27a/blob/main/.github/workflows/main.yml,5,1,/lulunac27a/lulunac27a/commits,5,1,/lulunac27a/lulunac27a/tree/main,5,1,/lulunac27a/lulunac27a/commit/main,3,3,/lulunac27a/lulunac27a/commit/d29d0ca1a1912f15bee6f5246033378073403946,3,1,/lulunac27a/lulunac27a,2,1,/lulunac27a/lulunac27a/commit/c9a822f850c34aa99307a1ee40f62ff9b9c77926,2,1,/lulunac27a/lulunac27a/tree/main/images,2,1
2025-05-02,/lulunac27a/lulunac27a/tree/main/.github/workflows,7,1,/lulunac27a/lulunac27a/blob/main/github-metrics.svg,5,1,/lulunac27a/lulunac27a/blob/main/.github/workflows/main.yml,5,1,/lulunac27a/lulunac27a/commits,5,1,/lulunac27a/lulunac27a/tree/main,5,1,/lulunac27a/lulunac27a/commit/main,3,3,/lulunac27a/lulunac27a/commit/d29d0ca1a1912f15bee6f5246033378073403946,3,1,/lulunac27a/lulunac27a,2,1,/lulunac27a/lulunac27a/commit/c9a822f850c34aa99307a1ee40f62ff9b9c77926,2,1,/lulunac27a/lulunac27a/tree/main/images,2,1
2025-05-03,/lulunac27a/lulunac27a/tree/main/.github/workflows,7,1,/lulunac27a/lulunac27a/blob/main/github-metrics.svg,5,1,/lulunac27a/lulunac27a/blob/main/.github/workflows/main.yml,5,1,/lulunac27a/lulunac27a/commits,5,1,/lulunac27a/lulunac27a/tree/main,5,1,/lulunac27a/lulunac27a/commit/main,3,3,/lulunac27a/lulunac27a/commit/d29d0ca1a1912f15bee6f5246033378073403946,3,1,/lulunac27a/lulunac27a,2,1,/lulunac27a/lulunac27a/commit/c9a822f850c34aa99307a1ee40f62ff9b9c77926,2,1,/lulunac27a/lulunac27a/tree/main/images,2,1
2025-05-04,/lulunac27a/lulunac27a/tree/main/.github/workflows,7,1,/lulunac27a/lulunac27a/blob/main/github-metrics.svg,5,1,/lulunac27a/lulunac27a/blob/main/.github/workflows/main.yml,5,1,/lulunac27a/lulunac27a/commits,5,1,/lulunac27a/lulunac27a/tree/main,5,1,/lulunac27a/lulunac27a/commit/main,3,3,/lulunac27a/lulunac27a/commit/d29d0ca1a1912f15bee6f5246033378073403946,3,1,/lulunac27a/lulunac27a,2,1,/lulunac27a/lulunac27a/commit/c9a822f850c34aa99307a1ee40f62ff9b9c77926,2,1,/lulunac27a/lulunac27a/tree/main/images,2,1
2025-05-05,/lulunac27a/lulunac27a/tree/main/.github/workflows,7,1,/lulunac27a/lulunac27a/blob/main/github-metrics.svg,5,1,/lulunac27a/lulunac27a/blob/main/.github/workflows/main.yml,5,1,/lulunac27a/lulunac27a/commits,5,1,/lulunac27a/lulunac27a/tree/main,5,1,/lulunac27a/lulunac27a/commit/main,3,3,/lulunac27a/lulunac27a/commit/d29d0ca1a1912f15bee6f5246033378073403946,3,1,/lulunac27a/lulunac27a,2,1,/lulunac27a/lulunac27a/commit/c9a822f850c34aa99307a1ee40f62ff9b9c77926,2,1,/lulunac27a/lulunac27a/tree/main/images,2,1
